ts	phase	decision	why	evidence	result
2026-10-11T03:49:55Z	frame	Use ui-stack Lavender Glass with existing site behavior	Share material tokens while preserving pond and contact ownership	/tmp/lu-glass-contract.md	open
2026-10-11T03:52:06Z	foundation	Keep behavior in existing domain components and share Glass CSS tokens	Existing project and contact models already encode the behavior	docs/reviews/ui-stack-redesign.md	open
2026-10-11T03:52:06Z	verification	Restore locked dependencies after baseline compilation failed	Installed Pixi modules were missing; baseline is not a passing check	/tmp/lu-site-baseline-e2e.log	baseline interrupted
2026-10-11T03:52:06Z	skill	Install Lu mode and reduce shared global instructions to two skill references	User explicitly requested autonomous delivery and Swarm as the default	.agents/skills/lu-mode/SKILL.md	validator passed
2026-10-11T03:52:33Z	evidence	Move design notes and decision trail into the tracked review preview area	Local Git exclusions ignore docs; previous docs pointers now refer to this directory	review-previews/ui-stack/design.md	open
2026-10-11T03:54:59Z	scope	Migrate the actual web stack to Vite React Tailwind and shadcn with a Three.js pond	User corrected the CSS-only interpretation and requested one branch and one PR	review-previews/ui-stack/design.md	open
2026-10-11T04:06:33Z	verification	Fix contrast and labels from the built-site browser run	The existing suite found three failures rather than a passing redesign	/tmp/lu-site-final-e2e.log	CSS fixes in progress; fade check now waits for completion
2026-10-11T04:06:33Z	policy	Load the model policy before all Codex and T3 work	The user replaced the global rules and kept parent settings user-selected	/Users/luinbytes/.codex/AGENTS.md	live file re-read
2026-10-11T04:07:36Z	skill	Sync the repo mode with the updated shared Lu mode	The shared mode now encodes the user instruction to keep working while Swarm runs	.agents/skills/lu-mode/SKILL.md	validated; shared changes preserved
2026-10-11T04:10:12Z	review	Accept two independent source reviews with no additional blockers	Both models traced route ownership, renderer disposal, and preserved domain behavior	review-previews/ui-stack/interrogate.md	source approved; final runtime rerun pending
2026-10-11T04:12:10Z	verification	Verify the corrected final static export	Prove the real artifact after fixing the three browser failures	review-previews/ui-stack/checks/browser.log	26 browser tests pass; lint and domain tests pass
2026-10-11T04:12:10Z	audit	Retain live evidence and supersede temporary proof pointers	Earlier rows link local temporary logs and relocated notes; current evidence is committed here	review-previews/ui-stack/verification.md	no baseline parity claim; transcript directory not supplied
2026-10-11T04:15:59Z	audit	Retain failed-run evidence and label manual checks	The trail reviewer found temporary pointers and unretained parent observations	review-previews/ui-stack/checks/first-browser-failures.log	baseline and failed-run logs retained; commit still pending
2026-10-11T04:15:59Z	verification	Check all primary buttons during theme switches	The same background transition affected Pip and 404; test their actual contrast too	tests/browser/browser_test.py	isolated build under test; iPad QA server uninterrupted
2026-10-11T04:25:56Z	QA	Use neutral clear hero glass and one vertical gap	User iPad feedback requests a clear hero while keeping lower cards themed	review-previews/ui-stack/checks/homepage-layout.json	all six boundaries equal at 320, 390, 1180 and 1440px; final browser run pending
2026-10-11T04:25:56Z	audit	Correct capture dimensions and commit status	The earlier committed-evidence wording preceded the actual commit	review-previews/ui-stack/verification.md	exact-size screenshots and retained logs are staged only at final commit
2026-10-11T04:26:33Z	verification	Publish the final verified hero and spacing refinement	Full browser suite passes after iPad QA changes	review-previews/ui-stack/checks/browser.log	26 pass; lint passes; all three LAN pages match the isolated build; server remains running
2026-10-11T04:34:57Z	QA	Reduce hero tint to 12% to 18% and blur to 2px	User requests an almost transparent main card	components/concepts/signal-desk/signal-desk.module.css	T3 rendered inspection complete; final browser suite running in isolated copy
2026-10-11T04:34:57Z	verification	Correct the follow-up build working directory	The first build accidentally targeted served output; it completed and preview is healthy	review-previews/ui-stack/verification.md	final tests use isolated copy; retain existing server and publish assets before HTML
2026-10-11T04:36:57Z	verification	Verify and publish almost transparent hero	Final production suite and four-width layout probe pass	review-previews/ui-stack/checks/browser.log	26 pass; lint and build pass; served HTML matches; same branch and PR 58
2026-10-11T04:57:48+00:00	PR feedback	Partition profile motion and browser verification into two local Swarm workers	Lu requests axis tilt and avatar-local reflection in PR58; preserve one branch and PR	https://github.com/luinbytes/luinbytes.dev/pull/58#issuecomment-6105578449	implementation and verification pending
2026-10-11T05:11:03+00:00	verification	Verify profile tilt and avatar reflection before updating PR58	Actual matrix axes and portrait-local foil now have behavioral checks; touch and pen supplement sensor fallback	review-previews/ui-stack/checks/profile-browser.log	26 browser tests, lint, build, 11 pond and 3 Pip tests pass; physical iPad remains open
2026-10-11T05:15:18+00:00	QA correction	Restrict animated foil to pointer contact with the avatar	The user's recording review showed card-wide reflection input remained; first recording used system light	components/concepts/signal-desk/profile-card.tsx	avatar-bound gate and immediate foil reset; dark Lavender replacement clip shared; final suite pending
2026-10-11T05:18:04+00:00	verification	Verify immediate avatar foil stop and preserve Lavender theme	User recording feedback corrected the hover boundary; theme was system-light appearance in the first clip	review-previews/ui-stack/checks/profile-browser.log	26 tests, lint and build pass; same branch and PR58; navbar shape explanation pending
